{"cameraMode":{"drawMode":0,"name":"Shaded","section":"Shading Mode"},"sceneLighting":true,"audioPlay":false,"sceneViewState":{"m_AlwaysRefresh":false,"showFog":true,"showSkybox":false,"showFlares":true,"showImageEffects":true,"showParticleSystems":true,"showVisualEffectGraphs":true,"m_FxEnabled":true},"in2DMode":false,"pivot":{"x":19.285707473754884,"y":5.79474401473999,"z":-2.2413320541381838},"rotation":{"x":0.08784907311201096,"y":-0.029280923306941987,"z":0.002577812410891056,"w":0.9957089424133301},"size":13.547601699829102,"orthographic":false}