{"cameraMode":{"drawMode":0,"name":"Shaded","section":"Shading Mode"},"sceneLighting":true,"audioPlay":false,"sceneViewState":{"m_AlwaysRefresh":false,"showFog":true,"showSkybox":false,"showFlares":true,"showImageEffects":true,"showParticleSystems":true,"showVisualEffectGraphs":true,"m_FxEnabled":true},"in2DMode":false,"pivot":{"x":16.798526763916017,"y":-0.02427816390991211,"z":21.685989379882814},"rotation":{"x":0.047976452857255939,"y":0.019778944551944734,"z":-0.0008232046966440976,"w":0.9986827969551086},"size":19.714563369750978,"orthographic":false}