{"cameraMode":{"drawMode":0,"name":"Shaded","section":"Shading Mode"},"sceneLighting":true,"audioPlay":false,"sceneViewState":{"m_AlwaysRefresh":false,"showFog":true,"showSkybox":false,"showFlares":true,"showImageEffects":true,"showParticleSystems":true,"showVisualEffectGraphs":true,"m_FxEnabled":true},"in2DMode":false,"pivot":{"x":-443.16619873046877,"y":54.895721435546878,"z":126.12615966796875},"rotation":{"x":0.14945636689662934,"y":-0.4421115219593048,"z":0.07498366385698319,"w":0.8812417984008789},"size":541.6614990234375,"orthographic":false}