{"cameraMode":{"drawMode":0,"name":"Shaded","section":"Shading Mode"},"sceneLighting":true,"audioPlay":false,"sceneViewState":{"m_AlwaysRefresh":false,"showFog":true,"showSkybox":false,"showFlares":true,"showImageEffects":true,"showParticleSystems":true,"showVisualEffectGraphs":true,"m_FxEnabled":true},"in2DMode":false,"pivot":{"x":2.021974563598633,"y":-5.21361780166626,"z":2.6945972442626955},"rotation":{"x":0.23187780380249024,"y":0.0017782008508220316,"z":-0.0002880107786040753,"w":0.9727751016616821},"size":16.999122619628908,"orthographic":false}