{"cameraMode":{"drawMode":0,"name":"Shaded","section":"Shading Mode"},"sceneLighting":true,"audioPlay":false,"sceneViewState":{"m_AlwaysRefresh":false,"showFog":true,"showSkybox":false,"showFlares":true,"showImageEffects":true,"showParticleSystems":true,"showVisualEffectGraphs":true,"m_FxEnabled":true},"in2DMode":false,"pivot":{"x":125.6897201538086,"y":501.6010437011719,"z":-116.43733978271485},"rotation":{"x":-0.05088658258318901,"y":-0.059887081384658816,"z":-0.003055957378819585,"w":0.996910810470581},"size":778.0198364257813,"orthographic":false}